alpha,delta,epsilon,profit,inventory_2020,herfindahl_2020
0.0,0.0,0.0,1.381185064241e11,-0.0,0.5017393664001494
0.0,0.0,0.1,1.3453569402249998e11,-0.0,0.5017393664001494
0.0,0.0,0.25,1.249015567764e11,-0.0,0.5017393664001494
0.0,0.0,0.5,1.120585584354e11,-0.0,0.5017393664001494
0.0,0.01,0.0,1.381056185015e11,-0.0,0.5022967636761081
0.0,0.01,0.1,1.349791373839e11,-0.0,0.5023221755261791
0.0,0.01,0.25,1.256749804636e11,-0.0,0.5022791073694097
0.0,0.01,0.5,1.1030900538840001e11,-0.0,0.5023289919624646
0.0,0.02,0.0,1.3809391760630002e11,-0.0,0.5030165188987568
0.0,0.02,0.1,1.3496925976620001e11,-0.0,0.5029358521354779
0.0,0.02,0.25,1.2609857794959998e11,-0.0,0.5029857319384514
0.0,0.02,0.5,1.10353463272e11,-0.0,0.5029075349865563
0.0,0.03,0.0,1.380821169807e11,-0.0,0.5036551653948957
0.0,0.03,0.1,1.354320921735e11,-0.0,0.5031614572820783
0.0,0.03,0.25,1.251215840551e11,-0.0,0.503596356231906
0.0,0.03,0.5,1.110949778309e11,-0.0,0.503770878882219
0.0,0.04,0.0,1.380677358894e11,-0.0,0.5043277868302036
0.0,0.04,0.1,1.348729438901e11,-0.0,0.5040824936772115
0.0,0.04,0.25,1.270970462842e11,-0.0,0.5045233326454492
0.0,0.04,0.5,1.132218795205e11,-0.0,0.5046284142825068
0.0,0.05,0.0,1.380498889555e11,-0.0,0.5051447885301781
0.0,0.05,0.1,1.354415438014e11,-0.0,0.5053468708357112
0.0,0.05,0.25,1.2721120701400002e11,-0.0,0.5055121155844452
0.0,0.05,0.5,1.097064713179e11,-0.0,0.5055047090224581
0.0,0.06,0.0,1.3803931577230002e11,-0.0,0.49684165731225527
0.0,0.06,0.1,1.3463489049480002e11,-0.0,0.4982750884902582
0.0,0.06,0.25,1.269057617784e11,-0.0,0.5010436380809088
0.0,0.06,0.5,1.1041629341240001e11,-0.0,0.5047355269170762
0.0,0.07,0.0,1.379482034797e11,1.005925e6,0.48567627858364126
0.0,0.07,0.1,1.346328323875e11,1.407785e6,0.483036222925519
0.0,0.07,0.25,1.2500627942029999e11,1.669976e6,0.4834207534163088
0.0,0.07,0.5,1.121686501588e11,-0.0,0.501017568470889
0.0,0.08,0.0,1.376465398623e11,4.398342e6,0.4572400837894086
0.0,0.08,0.1,1.3435220550679999e11,3.812605e6,0.4616703187236628
0.0,0.08,0.25,1.245806760615e11,2.465069e6,0.48081190762207104
0.0,0.08,0.5,1.0850245645070001e11,4.346328e6,0.45988873469545566
0.0,0.09,0.0,1.376513553992e11,4.218335e6,0.4515638773452214
0.0,0.09,0.1,1.339994983517e11,6.856939e6,0.4399122150692162
0.0,0.09,0.25,1.2552926410629999e11,7.442153e6,0.4439291421821679
0.0,0.09,0.5,1.102994176689e11,1.044151e7,0.4297917073631594
0.0,0.1,0.0,1.367815516496e11,1.4732339e7,0.4126001964096427
0.0,0.1,0.1,1.340269959456e11,1.1269519e7,0.41495575429642906
0.0,0.1,0.25,1.2413378189220001e11,1.5553334e7,0.4074199957471345
0.0,0.1,0.5,1.0870593985659999e11,1.4881745e7,0.4035970661645046
0.0,0.11,0.0,1.3646850178480002e11,1.7942897e7,0.391171507462329
0.0,0.11,0.1,1.332741888601e11,1.8850017e7,0.39017020177027933
0.0,0.11,0.25,1.2587165446999998e11,1.573787e7,0.3983588187910979
0.0,0.11,0.5,1.096142310161e11,1.1106548e7,0.4101329255125118
0.0,0.12,0.0,1.3662661514330002e11,1.4721293e7,0.39017020691240195
0.0,0.12,0.1,1.3313434498e11,1.7757073e7,0.3901702058437353
0.0,0.12,0.25,1.234214088714e11,1.7440601e7,0.3901702051668966
0.0,0.12,0.5,1.0891800342770001e11,1.5712288e7,0.3901702060394738
0.0,0.13,0.0,1.361426151076e11,1.9059139e7,0.39501384697802355
0.0,0.13,0.1,1.335580426161e11,1.222592e7,0.39017020093839583
0.0,0.13,0.25,1.243266648432e11,1.3694207e7,0.39017020119672624
0.0,0.13,0.5,1.097848307762e11,1.3695712e7,0.3901702034507345
0.0,0.14,0.0,1.3600115122730002e11,1.7109918e7,0.39017020154767923
0.0,0.14,0.1,1.336169122364e11,1.0254583e7,0.39017020394617064
0.0,0.14,0.25,1.249081879283e11,1.1919575e7,0.3901702006589782
0.0,0.14,0.5,1.1196979346879999e11,1.1197139e7,0.39017020551753556
0.0,0.15,0.0,1.359712376245e11,1.0784043e7,0.39017020352336174
0.0,0.15,0.1,1.3390706248650002e11,1.2412239e7,0.3901702034785653
0.0,0.15,0.25,1.239049711819e11,1.104248e7,0.3901702060046353
0.0,0.15,0.5,1.060704438375e11,1.6101576e7,0.3901702044138784
0.0,0.16,0.0,1.364577597391e11,5.271341e6,0.3901702055518951
0.0,0.16,0.1,1.3240459395750002e11,1.051912e7,0.390170201510291
0.0,0.16,0.25,1.240235389896e11,5.613787e6,0.3901702023232218
0.0,0.16,0.5,1.111731221256e11,5.946635e6,0.3901702081284012
0.0,0.17,0.0,1.35947628411e11,2.586389e6,0.3901702048850242
0.0,0.17,0.1,1.316825851981e11,5.075788e6,0.39017020468638647
0.0,0.17,0.25,1.241734332455e11,5.346571e6,0.3901702041695963
0.0,0.17,0.5,1.0616082160630002e11,3.076458e6,0.390170204603602
0.0,0.18,0.0,1.3544038972420001e11,2.791226e6,0.39017020276305747
0.0,0.18,0.1,1.3193769149909999e11,5.326375e6,0.3901702051772685
0.0,0.18,0.25,1.2153697392629999e11,7.298353e6,0.390170204515896
0.0,0.18,0.5,1.091685804806e11,4.111748e6,0.3901702039387697
0.0,0.19,0.0,1.350381309139e11,-0.0,0.39017020263572266
0.0,0.19,0.1,1.32264088923e11,-0.0,0.39017020347235265
0.0,0.19,0.25,1.2199473783309999e11,-0.0,0.3901702043715204
0.0,0.19,0.5,1.068868813419e11,257986.0,0.3901702046280954
0.0,0.2,0.0,1.344594933454e11,-0.0,0.3901702009754434
0.0,0.2,0.1,1.304032024482e11,9.652544e6,0.39017020365649435
0.0,0.2,0.25,1.2273257114619998e11,3.908412e6,0.3901702057497832
0.0,0.2,0.5,1.076788227236e11,4.205519e6,0.3901702052383823
0.1,0.0,0.0,1.381185064241e11,-0.0,0.5017393664001494
0.1,0.0,0.1,1.3518740229659999e11,-0.0,0.5017393664001494
0.1,0.0,0.25,1.236573530244e11,-0.0,0.5017393664001494
0.1,0.0,0.5,1.0702025272629999e11,-0.0,0.5017393664001494
0.1,0.01,0.0,1.381056942277e11,-0.0,0.5023361573409151
0.1,0.01,0.1,1.34485608363e11,-0.0,0.5021944109285477
0.1,0.01,0.25,1.248047844283e11,-0.0,0.5021795817736756
0.1,0.01,0.5,1.072870943725e11,-0.0,0.5022465624565859
0.1,0.02,0.0,1.380922606366e11,-0.0,0.5028851369726091
0.1,0.02,0.1,1.341106418454e11,-0.0,0.5029564327440323
0.1,0.02,0.25,1.2424435867720001e11,-0.0,0.5028213254514688
0.1,0.02,0.5,1.052651673965e11,-0.0,0.5029479644818756
0.1,0.03,0.0,1.380798079974e11,-0.0,0.5036807100440892
0.1,0.03,0.1,1.342097026545e11,-0.0,0.5036459639130313
0.1,0.03,0.25,1.235288355638e11,-0.0,0.5032190660539647
0.1,0.03,0.5,1.081882363068e11,-0.0,0.503673969085276
0.1,0.04,0.0,1.380664146566e11,-0.0,0.5045924672661593
0.1,0.04,0.1,1.3419714581119998e11,-0.0,0.5042616489472159
0.1,0.04,0.25,1.239131959265e11,-0.0,0.5043570606674951
0.1,0.04,0.5,1.0868875868990001e11,-0.0,0.504270785265816
0.1,0.05,0.0,1.378850543316e11,2.075975e6,0.4949214587196788
0.1,0.05,0.1,1.3474330560819998e11,1.057057e6,0.5003071771739964
0.1,0.05,0.25,1.2453244714109998e11,2.603334e6,0.492570455551276
0.1,0.05,0.5,1.0532208976780002e11,2.86169e6,0.4913704205743118
0.1,0.06,0.0,1.375660148418e11,5.786702e6,0.4705118352113463
0.1,0.06,0.1,1.346339821287e11,1.383057e6,0.4979707721817237
0.1,0.06,0.25,1.224757355621e11,5.811313e6,0.4743578445211464
0.1,0.06,0.5,1.0732391695039998e11,5.799664e6,0.4725313861976922
0.1,0.07,0.0,1.375652862509e11,5.746408e6,0.46432054174680104
0.1,0.07,0.1,1.3365341753879999e11,5.732387e6,0.4621968992062642
0.1,0.07,0.25,1.224342437583e11,5.751539e6,0.46510162242548125
0.1,0.07,0.5,1.1041863167429999e11,5.760822e6,0.46652025987661383
0.1,0.08,0.0,1.3754765417890002e11,5.730253e6,0.46187497774313135
0.1,0.08,0.1,1.3440503443730002e11,5.664182e6,0.45209246591174523
0.1,0.08,0.25,1.235445719887e11,5.755717e6,0.46573928029047207
0.1,0.08,0.5,1.035248315401e11,5.795501e6,0.4718813751039376
0.1,0.09,0.0,1.3730563555930002e11,8.497858e6,0.4335583586551949
0.1,0.09,0.1,1.342043855844e11,8.895376e6,0.4349275902283461
0.1,0.09,0.25,1.241530701485e11,7.791973e6,0.43816707710296304
0.1,0.09,0.5,1.06068640721e11,8.924047e6,0.42999941631704586
0.1,0.1,0.0,1.3674638845579999e11,1.5063094e7,0.4031626440917301
0.1,0.1,0.1,1.339094007965e11,7.546068e6,0.42888612693970407
0.1,0.1,0.25,1.228246065754e11,9.625779e6,0.4257266722907993
0.1,0.1,0.5,1.04088225429e11,1.4258706e7,0.4078380113019874
0.1,0.11,0.0,1.3668640022770001e11,1.5064748e7,0.39822108083985663
0.1,0.11,0.1,1.322989006316e11,1.7317732e7,0.39017020522591966
0.1,0.11,0.25,1.2475183577770001e11,1.6463851e7,0.40704985894339807
0.1,0.11,0.5,1.030257953997e11,1.8603315e7,0.39682661097670313
0.1,0.12,0.0,1.367194257636e11,1.511932e7,0.39127618586502755
0.1,0.12,0.1,1.33000313675e11,1.8165213e7,0.40689229977143704
0.1,0.12,0.25,1.225405478163e11,1.5294188e7,0.3901702024461355
0.1,0.12,0.5,1.033571327915e11,1.4782167e7,0.39017020229952804
0.1,0.13,0.0,1.368425290379e11,1.3620508e7,0.39017020351693443
0.1,0.13,0.1,1.3343465482080002e11,1.3386958e7,0.3901702043840298
0.1,0.13,0.25,1.2198284412029999e11,1.8126783e7,0.390170207646945
0.1,0.13,0.5,1.039388552678e11,1.7843111e7,0.39017020595962815
0.1,0.14,0.0,1.3634683827420001e11,1.6949494e7,0.390170204277727
0.1,0.14,0.1,1.333521545263e11,1.2939487e7,0.3901702063513013
0.1,0.14,0.25,1.22338192917e11,1.3605632e7,0.3901702056283243
0.1,0.14,0.5,1.0542649318729999e11,1.9027785e7,0.39017020056909535
0.1,0.15,0.0,1.357606435541e11,8.007066e6,0.39017020508479033
0.1,0.15,0.1,1.321134429327e11,1.6582605e7,0.39017020712318623
0.1,0.15,0.25,1.231259316485e11,1.2773516e7,0.3901702013261452
0.1,0.15,0.5,1.0601697982449998e11,1.0188424e7,0.39017020359823484
0.1,0.16,0.0,1.357850521705e11,6.88877e6,0.3901702023753407
0.1,0.16,0.1,1.326530982314e11,1.1139647e7,0.39017020461128826
0.1,0.16,0.25,1.2111162093730002e11,5.54372e6,0.39017020355008863
0.1,0.16,0.5,1.074365771619e11,7.020878e6,0.3901702057604539
0.1,0.17,0.0,1.3516358859570001e11,7.979351e6,0.39017020457094986
0.1,0.17,0.1,1.3139500915259998e11,4.266099e6,0.3901702048591842
0.1,0.17,0.25,1.2141787671800003e11,3.253631e6,0.3901702046765717
0.1,0.17,0.5,1.0278892342029999e11,9.102376e6,0.3901702047267409
0.1,0.18,0.0,1.3490702024270001e11,6.301724e6,0.3901702026025803
0.1,0.18,0.1,1.3177335556279999e11,2.011402e6,0.3901702036685946
0.1,0.18,0.25,1.2106545518920001e11,235174.0,0.39017020722490636
0.1,0.18,0.5,1.0210478851470001e11,1.663553e6,0.39017020390050383
0.1,0.19,0.0,1.335273836371e11,7.102902e6,0.39017020328622026
0.1,0.19,0.1,1.3132712719370001e11,1.368818e6,0.39017020728316354
0.1,0.19,0.25,1.2064832255619998e11,2.379817e6,0.39017020476676867
0.1,0.19,0.5,1.01614130026e11,-0.0,0.3901702047913179
0.1,0.2,0.0,1.32824232975e11,-0.0,0.3901702063425729
0.1,0.2,0.1,1.297808483825e11,3.635856e6,0.3901702074816245
0.1,0.2,0.25,1.199825914989e11,469524.0,0.3901702024765442
0.1,0.2,0.5,9.896228057999998e10,-0.0,0.390170202632633
0.25,0.0,0.0,1.381185064241e11,-0.0,0.5017393664001494
0.25,0.0,0.1,1.335212277564e11,-0.0,0.5017393664001494
0.25,0.0,0.25,1.212816960395e11,-0.0,0.5017393664001494
0.25,0.0,0.5,1.054396162469e11,-0.0,0.5017393664001494
0.25,0.01,0.0,1.381061162445e11,-0.0,0.5022495953011773
0.25,0.01,0.1,1.3540441902480002e11,-0.0,0.5022659968402898
0.25,0.01,0.25,1.212254964694e11,-0.0,0.5023000139663747
0.25,0.01,0.5,1.006134990245e11,-0.0,0.5022552340177258
0.25,0.02,0.0,1.380936150921e11,-0.0,0.5029643827222169
0.25,0.02,0.1,1.3416720855170001e11,-0.0,0.5027447433859318
0.25,0.02,0.25,1.198881593494e11,-0.0,0.5029926428578869
0.25,0.02,0.5,9.92514973982e10,-0.0,0.5029520238601645
0.25,0.03,0.0,1.380881772024e11,-0.0,0.503251280276402
0.25,0.03,0.1,1.3407084793680002e11,-0.0,0.5037806851489716
0.25,0.03,0.25,1.23385382204e11,-0.0,0.5036918707899777
0.25,0.03,0.5,1.048596239881e11,-0.0,0.5035682959606188
0.25,0.04,0.0,1.38067788606e11,-0.0,0.5040347964817662
0.25,0.04,0.1,1.3361431331940001e11,-0.0,0.504624441453298
0.25,0.04,0.25,1.2197346354740002e11,-0.0,0.5043996065183088
0.25,0.04,0.5,9.66643051312e10,-0.0,0.5044129940361424
0.25,0.05,0.0,1.3788876215540002e11,2.109325e6,0.4949098458399973
0.25,0.05,0.1,1.3433625406049998e11,2.559829e6,0.492239702521135
0.25,0.05,0.25,1.211455348265e11,2.155251e6,0.4950011713000345
0.25,0.05,0.5,1.0055356897970001e11,1.274387e6,0.499100893831034
0.25,0.06,0.0,1.3731411979969998e11,8.930374e6,0.45753429746748076
0.25,0.06,0.1,1.330394887936e11,9.539348e6,0.45538295907605797
0.25,0.06,0.25,1.22894612918e11,8.856927e6,0.46492315052247357
0.25,0.06,0.5,9.770862642350002e10,8.073531e6,0.4721309109771372
0.25,0.07,0.0,1.369532383291e11,1.3320104e7,0.43105666204571985
0.25,0.07,0.1,1.331109724355e11,1.5175534e7,0.4245967773408829
0.25,0.07,0.25,1.20454510751e11,1.1158848e7,0.4412925625989774
0.25,0.07,0.5,9.528642155329999e10,1.4387927e7,0.43320518801160035
0.25,0.08,0.0,1.3619556660429999e11,2.2434503e7,0.4070722324323357
0.25,0.08,0.1,1.3263056153730002e11,2.3430918e7,0.3941501618502614
0.25,0.08,0.25,1.1898348922909999e11,2.4336379e7,0.3901702063631869
0.25,0.08,0.5,9.808501882729999e10,1.6476743e7,0.4122465175088766
0.25,0.09,0.0,1.360727999469e11,2.3591239e7,0.39017020524157064
0.25,0.09,0.1,1.315532915571e11,2.4411279e7,0.3901702031012604
0.25,0.09,0.25,1.187488425945e11,2.2464918e7,0.39017020223815424
0.25,0.09,0.5,1.0166283879759998e11,2.4737219e7,0.3901702012350795
0.25,0.1,0.0,1.359226289064e11,2.5424107e7,0.3901702052197932
0.25,0.1,0.1,1.3139159354640001e11,2.1573911e7,0.3901702037752226
0.25,0.1,0.25,1.173676647486e11,2.365202e7,0.3901702051607744
0.25,0.1,0.5,9.6011319103e10,2.4697566e7,0.3901702068731958
0.25,0.11,0.0,1.3631229770670001e11,1.9650315e7,0.3901702065230705
0.25,0.11,0.1,1.31964273423e11,2.2963359e7,0.39017020224866816
0.25,0.11,0.25,1.203349063962e11,1.9736451e7,0.390170203623333
0.25,0.11,0.5,9.790360980129999e10,1.7998879e7,0.3901702055124852
0.25,0.12,0.0,1.3618064618650003e11,2.019496e7,0.3901702020719424
0.25,0.12,0.1,1.3243719369229999e11,1.4935623e7,0.3901702028958872
0.25,0.12,0.25,1.1909062143480002e11,1.5780625e7,0.3901702051511082
0.25,0.12,0.5,9.907264556259999e10,1.669481e7,0.39017020344510583
0.25,0.13,0.0,1.3630508811740002e11,1.4829548e7,0.3901702031010583
0.25,0.13,0.1,1.3243743975780002e11,1.31544e7,0.3901702059476722
0.25,0.13,0.25,1.1999814627939996e11,1.3766605e7,0.39017020428632265
0.25,0.13,0.5,9.901530914359999e10,1.5637976e7,0.39017020422066895
0.25,0.14,0.0,1.367435087329e11,9.954875e6,0.3901702052177919
0.25,0.14,0.1,1.3341664772400002e11,1.1326016e7,0.39017020246784617
0.25,0.14,0.25,1.2130445148599997e11,1.0401783e7,0.39017020655027995
0.25,0.14,0.5,9.53495615434e10,1.2987006e7,0.390170206102436
0.25,0.15,0.0,1.3476710873120001e11,2.303953e7,0.3901702047530035
0.25,0.15,0.1,1.3068880278e11,1.2594585e7,0.3901702055029594
0.25,0.15,0.25,1.2013882870550002e11,7.82269e6,0.3901702018851137
0.25,0.15,0.5,9.344351559759999e10,1.7148646e7,0.39017020337392994
0.25,0.16,0.0,1.3507480369229999e11,6.656857e6,0.39017020535014224
0.25,0.16,0.1,1.3235907631290001e11,6.121203e6,0.390170203642416
0.25,0.16,0.25,1.198798937941e11,5.348576e6,0.3901702044476177
0.25,0.16,0.5,9.852115620010002e10,6.87396e6,0.39017020437665717
0.25,0.17,0.0,1.3485640289220001e11,6.408327e6,0.39017020496967725
0.25,0.17,0.1,1.3065788991630002e11,8.80797e6,0.39017020583254974
0.25,0.17,0.25,1.173140460915e11,5.557129e6,0.390170207769842
0.25,0.17,0.5,9.68257664718e10,3.980942e6,0.39017020369556843
0.25,0.18,0.0,1.3410300427620001e11,4.858721e6,0.3901702051554502
0.25,0.18,0.1,1.290801020699e11,7.07653e6,0.39017020429455807
0.25,0.18,0.25,1.1698521389860002e11,2.51516e6,0.39017020184012663
0.25,0.18,0.5,9.74277468171e10,2.562168e6,0.3901702058715504
0.25,0.19,0.0,1.32843648679e11,-0.0,0.3901702015752942
0.25,0.19,0.1,1.28658049556e11,1.608371e6,0.3901702082705615
0.25,0.19,0.25,1.1602632226579999e11,-0.0,0.39017020395745206
0.25,0.19,0.5,9.80562821258e10,1.2768112e7,0.3901702063228384
0.25,0.2,0.0,1.319841847745e11,-0.0,0.3901702065800062
0.25,0.2,0.1,1.2764894261250003e11,3.377331e6,0.39017020560098364
0.25,0.2,0.25,1.161346444139e11,-0.0,0.3901702021271568
0.25,0.2,0.5,9.323812990640002e10,-0.0,0.39017020507471956
0.5,0.0,0.0,1.381185064241e11,-0.0,0.5017393664001494
0.5,0.0,0.1,1.322376554201e11,-0.0,0.5017393664001494
0.5,0.0,0.25,1.159421884592e11,-0.0,0.5017393664001494
0.5,0.0,0.5,9.58371660163e10,-0.0,0.5017393664001494
0.5,0.01,0.0,1.381079029341e11,-0.0,0.5023327593623897
0.5,0.01,0.1,1.329153952094e11,-0.0,0.5022985420695306
0.5,0.01,0.25,1.149528713011e11,-0.0,0.5023384233500962
0.5,0.01,0.5,9.017179002869998e10,-0.0,0.5022604125706835
0.5,0.02,0.0,1.3809546265440002e11,-0.0,0.5029774732975107
0.5,0.02,0.1,1.3288823428440001e11,-0.0,0.5028481603786886
0.5,0.02,0.25,1.216878167384e11,-0.0,0.5030243431452414
0.5,0.02,0.5,9.149135805370001e10,-0.0,0.5030217497407765
0.5,0.03,0.0,1.380812049402e11,-0.0,0.5034217316732738
0.5,0.03,0.1,1.334624106879e11,-0.0,0.5037879435624826
0.5,0.03,0.25,1.144760110785e11,-0.0,0.5035843123491774
0.5,0.03,0.5,8.881097019670001e10,-0.0,0.5034423377430028
0.5,0.04,0.0,1.38065145815e11,-0.0,0.5043313146918926
0.5,0.04,0.1,1.325258928998e11,-0.0,0.5041191528430345
0.5,0.04,0.25,1.157591409985e11,-0.0,0.5043323997610757
0.5,0.04,0.5,8.961299776670001e10,-0.0,0.5044823814738917
0.5,0.05,0.0,1.378571802072e11,2.422328e6,0.49348487943784497
0.5,0.05,0.1,1.3162551042319998e11,1.930742e6,0.49595702729016955
0.5,0.05,0.25,1.1523437805949998e11,3.103572e6,0.48964772123955186
0.5,0.05,0.5,9.443394414909999e10,2.000457e6,0.49551379190125666
0.5,0.06,0.0,1.371764650906e11,1.064057e7,0.46430403434407563
0.5,0.06,0.1,1.3230116104970001e11,3.819053e6,0.4844192435513629
0.5,0.06,0.25,1.145074736204e11,6.962689e6,0.47252433632593455
0.5,0.06,0.5,9.16588681059e10,1.1708515e7,0.45246247549895935
0.5,0.07,0.0,1.366842892116e11,1.6578168e7,0.426179836163865
0.5,0.07,0.1,1.3150639327630002e11,1.766583e7,0.4162926901417261
0.5,0.07,0.25,1.1520396143990001e11,1.6746738e7,0.4201777514853992
0.5,0.07,0.5,8.83769708463e10,1.2429998e7,0.44035819571050266
0.5,0.08,0.0,1.3589370270640002e11,2.6098195e7,0.39017020148683257
0.5,0.08,0.1,1.3067680243729999e11,2.2611453e7,0.39716101832935946
0.5,0.08,0.25,1.1383061342e11,2.462301e7,0.3902414131005091
0.5,0.08,0.5,8.866296121130002e10,2.5856462e7,0.39017020379274453
0.5,0.09,0.0,1.3574435197870001e11,2.786619e7,0.3901702050701745
0.5,0.09,0.1,1.3059177025180002e11,2.675516e7,0.39017020458890994
0.5,0.09,0.25,1.1433022643849998e11,2.5841506e7,0.39017020643734374
0.5,0.09,0.5,8.90078024716e10,2.5615001e7,0.3901702048199298
0.5,0.1,0.0,1.3612425669210002e11,2.2858328e7,0.39017020322904705
0.5,0.1,0.1,1.3018374141890002e11,2.1363267e7,0.3901702034313141
0.5,0.1,0.25,1.1481201771290001e11,3.0180756e7,0.39017020531079205
0.5,0.1,0.5,9.11053918641e10,2.2072975e7,0.39017020488661663
0.5,0.11,0.0,1.364333795215e11,1.8533189e7,0.39017020412618586
0.5,0.11,0.1,1.313563478056e11,2.1298391e7,0.39017020611779685
0.5,0.11,0.25,1.148303816542e11,1.7174414e7,0.39017020300142047
0.5,0.11,0.5,8.78929659799e10,2.2008162e7,0.39017020689683873
0.5,0.12,0.0,1.3638610953320001e11,1.8657008e7,0.39017020491681165
0.5,0.12,0.1,1.304861093479e11,1.6726405e7,0.39017020221369825
0.5,0.12,0.25,1.1408093590670001e11,1.6876802e7,0.39017020544416386
0.5,0.12,0.5,9.36058530749e10,2.1739283e7,0.3901702056152101
0.5,0.13,0.0,1.3652349349e11,1.6627289e7,0.3901702052363821
0.5,0.13,0.1,1.307664979715e11,1.9282071e7,0.3901702016714874
0.5,0.13,0.25,1.139547287786e11,1.5932941e7,0.39017020342965225
0.5,0.13,0.5,8.86328093884e10,1.215782e7,0.39017020229747745
0.5,0.14,0.0,1.361709013394e11,1.0002063e7,0.3901702063067749
0.5,0.14,0.1,1.3219708769029997e11,1.3824377e7,0.3901702050575464
0.5,0.14,0.25,1.12367597311e11,1.3116455e7,0.3901702045560055
0.5,0.14,0.5,8.38685627146e10,1.0500243e7,0.39017020419395687
0.5,0.15,0.0,1.352123506411e11,9.429416e6,0.3901702056777805
0.5,0.15,0.1,1.295040342921e11,9.153611e6,0.390170202579461
0.5,0.15,0.25,1.1250756290729999e11,9.673083e6,0.3901702041715464
0.5,0.15,0.5,8.882927965270001e10,9.698829e6,0.3901702039075926
0.5,0.16,0.0,1.355066523251e11,5.81007e6,0.39017020560782545
0.5,0.16,0.1,1.278867528986e11,1.1989546e7,0.39017020309854933
0.5,0.16,0.25,1.1262349749969998e11,5.737112e6,0.3901702038606356
0.5,0.16,0.5,9.06967170596e10,7.856212e6,0.39017020364521016
0.5,0.17,0.0,1.349268483431e11,8.683076e6,0.3901702072366854
0.5,0.17,0.1,1.2766093107150002e11,1.0350581e7,0.3901702021377047
0.5,0.17,0.25,1.1068321140180002e11,1.1957536e7,0.3901702031539799
0.5,0.17,0.5,8.461106286809998e10,6.018122e6,0.390170202587645
0.5,0.18,0.0,1.3404826423609998e11,2.487919e6,0.3901702096064863
0.5,0.18,0.1,1.2903198865540001e11,633278.0,0.3901702013295989
0.5,0.18,0.25,1.14322999359e11,5.022104e6,0.3901702060934575
0.5,0.18,0.5,8.63144532575e10,476664.0,0.3901702039216707
0.5,0.19,0.0,1.3265804753430002e11,-0.0,0.39017020476740744
0.5,0.19,0.1,1.269722404505e11,-0.0,0.3901702074424932
0.5,0.19,0.25,1.1081657178859999e11,-0.0,0.39017020635867183
0.5,0.19,0.5,8.029725109270001e10,-0.0,0.39017020439238287
0.5,0.2,0.0,1.3139119927780002e11,-0.0,0.3901702041488425
0.5,0.2,0.1,1.2714721594059999e11,-0.0,0.39017020374279665
0.5,0.2,0.25,1.115680517765e11,2.597719e6,0.3901702044006514
0.5,0.2,0.5,7.947212976379999e10,2.091274e6,0.39017020398824986
0.75,0.0,0.0,1.381185064241e11,-0.0,0.5017393664001494
0.75,0.0,0.1,1.310024670914e11,-0.0,0.5017393664001494
0.75,0.0,0.25,1.107421576116e11,-0.0,0.5017393664001494
0.75,0.0,0.5,8.980759438859999e10,-0.0,0.5017393664001494
0.75,0.01,0.0,1.381066714886e11,-0.0,0.5021910978321197
0.75,0.01,0.1,1.3078690425440002e11,-0.0,0.5022942524617016
0.75,0.01,0.25,1.0909838409089998e11,-0.0,0.5023076637419142
0.75,0.01,0.5,7.88258658915e10,-0.0,0.5022450997268594
0.75,0.02,0.0,1.380940504572e11,-0.0,0.5029592248671629
0.75,0.02,0.1,1.305459602573e11,-0.0,0.502907658497066
0.75,0.02,0.25,1.086484178045e11,-0.0,0.5029271678598064
0.75,0.02,0.5,7.8625088186e10,-0.0,0.5029422157927305
0.75,0.03,0.0,1.380792791816e11,-0.0,0.5032650552547705
0.75,0.03,0.1,1.311196512356e11,-0.0,0.5038010768076812
0.75,0.03,0.25,1.1048599811480002e11,-0.0,0.503746550905977
0.75,0.03,0.5,8.05589447379e10,-0.0,0.5034122459190684
0.75,0.04,0.0,1.380673511604e11,-0.0,0.5042917924823453
0.75,0.04,0.1,1.303474715798e11,-0.0,0.5046488583216756
0.75,0.04,0.25,1.132581044101e11,-0.0,0.5044079675787375
0.75,0.04,0.5,7.80633194218e10,-0.0,0.504057798498825
0.75,0.05,0.0,1.3782302557180002e11,2.816488e6,0.49178540255146297
0.75,0.05,0.1,1.31465046798e11,-0.0,0.5054733175434887
0.75,0.05,0.25,1.1246210374889998e11,2.471492e6,0.4932268052369304
0.75,0.05,0.5,8.1825608468e10,3.245776e6,0.4898445460771248
0.75,0.06,0.0,1.376998997999e11,4.192492e6,0.47995302515837557
0.75,0.06,0.1,1.3114734084030002e11,2.952481e6,0.4860553650720266
0.75,0.06,0.25,1.101705860928e11,8.79208e6,0.4627815414918479
0.75,0.06,0.5,8.076820097190001e10,1.0150225e7,0.4523376843780578
0.75,0.07,0.0,1.3675131309580002e11,1.5661646e7,0.42412990138502604
0.75,0.07,0.1,1.311496820603e11,1.7874586e7,0.41619125890909625
0.75,0.07,0.25,1.1050672003290001e11,9.808901e6,0.4446666874133527
0.75,0.07,0.5,8.33065971905e10,1.3498379e7,0.432195914311212
0.75,0.08,0.0,1.3590559631020001e11,2.5915123e7,0.39017020562125365
0.75,0.08,0.1,1.295724738744e11,2.3504935e7,0.39508065805655335
0.75,0.08,0.25,1.0826934224919998e11,2.3450972e7,0.4023661935422028
0.75,0.08,0.5,7.371995536970001e10,2.2879091e7,0.39589407617127476
0.75,0.09,0.0,1.361450225456e11,2.2857181e7,0.40534689467540275
0.75,0.09,0.1,1.30133661105e11,3.2075501e7,0.39017020147038683
0.75,0.09,0.25,1.1145095445009999e11,3.2621337e7,0.3901702037671227
0.75,0.09,0.5,8.039352078869998e10,2.6498366e7,0.39017020579801753
0.75,0.1,0.0,1.3479794689460002e11,3.6403523e7,0.390170204024578
0.75,0.1,0.1,1.287887620925e11,2.9219711e7,0.3901702026192668
0.75,0.1,0.25,1.0972055824870001e11,2.8800461e7,0.39017020238897804
0.75,0.1,0.5,7.539950283009999e10,3.1702012e7,0.3901702037908521
0.75,0.11,0.0,1.350522836344e11,3.2324085e7,0.3901702039903676
0.75,0.11,0.1,1.2999996212180002e11,2.5310121e7,0.39017020448467793
0.75,0.11,0.25,1.1242520580629999e11,2.7101617e7,0.3901702077098376
0.75,0.11,0.5,7.9056058072e10,2.5555364e7,0.3901702042157299
0.75,0.12,0.0,1.355882486695e11,2.6012546e7,0.3901702031929788
0.75,0.12,0.1,1.3036884972470001e11,2.5533225e7,0.3901702051098368
0.75,0.12,0.25,1.117830023949e11,1.7414685e7,0.39017020235555244
0.75,0.12,0.5,8.250842357320001e10,1.5989002e7,0.39017020688599335
0.75,0.13,0.0,1.363766055614e11,1.4391822e7,0.3901702037428993
0.75,0.13,0.1,1.3010685259759998e11,1.7238688e7,0.39017020351480336
0.75,0.13,0.25,1.1045490706320001e11,1.5954768e7,0.39017020048738904
0.75,0.13,0.5,7.840097123720001e10,1.9463458e7,0.3901702052012419
0.75,0.14,0.0,1.3597187908870001e11,1.0907197e7,0.3901702046961134
0.75,0.14,0.1,1.303604609854e11,1.1067625e7,0.3901702053374496
0.75,0.14,0.25,1.0975806943179999e11,1.0638091e7,0.39017020434894367
0.75,0.14,0.5,7.561156724419998e10,1.1615448e7,0.390170203696097
0.75,0.15,0.0,1.346314547174e11,8.611939e6,0.39017020600476027
0.75,0.15,0.1,1.283082444216e11,1.1748235e7,0.3901702028108673
0.75,0.15,0.25,1.0990233038059998e11,1.5028281e7,0.3901702034870736
0.75,0.15,0.5,7.43533806298e10,1.1976635e7,0.3901702042931976
0.75,0.16,0.0,1.3510577207629999e11,1.0200285e7,0.3901702019100143
0.75,0.16,0.1,1.270372089615e11,1.1573256e7,0.39017020114510725
0.75,0.16,0.25,1.061582128754e11,4.939385e6,0.39017020548315673
0.75,0.16,0.5,7.7196847424e10,9.789548e6,0.39017020417088977
0.75,0.17,0.0,1.332688717495e11,2.462285e6,0.3901702055108671
0.75,0.17,0.1,1.262509705045e11,2.819324e6,0.3901702034426112
0.75,0.17,0.25,1.0904135655739998e11,2.963499e6,0.3901702048915485
0.75,0.17,0.5,6.88908196162e10,9.092086e6,0.3901702035452969
0.75,0.18,0.0,1.319115909991e11,1.773469e6,0.3901702058758512
0.75,0.18,0.1,1.275503786721e11,2.268739e6,0.39017020218417675
0.75,0.18,0.25,1.0914946785069998e11,2.996006e6,0.3901702021625174
0.75,0.18,0.5,7.362060524079999e10,1.064453e6,0.39017020559282545
0.75,0.19,0.0,1.3156576346130002e11,558096.0,0.3901702044814963
0.75,0.19,0.1,1.2284697549979999e11,-0.0,0.39017020121397344
0.75,0.19,0.25,1.060657154773e11,972225.0,0.39017020596788743
0.75,0.19,0.5,6.9989098184e10,9.24053e6,0.390170202686685
0.75,0.2,0.0,1.289447993326e11,-0.0,0.3901702031503139
0.75,0.2,0.1,1.2086142012790001e11,-0.0,0.39017020619497345
0.75,0.2,0.25,1.0127958033349997e11,450522.0,0.39017020203569286
0.75,0.2,0.5,6.897290772459999e10,-0.0,0.3901702041150482
1.0,0.0,0.0,1.381185064241e11,-0.0,0.5017393664001494
1.0,0.0,0.1,1.298145646734e11,-0.0,0.5017393664001494
1.0,0.0,0.25,1.0357626309419998e11,-0.0,0.5017393664001494
1.0,0.0,0.5,6.8200633219399994e10,-0.0,0.5017393664001494
1.0,0.01,0.0,1.381066621577e11,-0.0,0.5023080081174063
1.0,0.01,0.1,1.298280539579e11,-0.0,0.502198964887217
1.0,0.01,0.25,1.068842020705e11,-0.0,0.5023198922074023
1.0,0.01,0.5,7.125011406209999e10,-0.0,0.5022725820902136
1.0,0.02,0.0,1.380926570204e11,-0.0,0.5028619813515885
1.0,0.02,0.1,1.3110671845419998e11,-0.0,0.5026241711732659
1.0,0.02,0.25,1.058631293484e11,-0.0,0.502796192642725
1.0,0.02,0.5,6.31345166055e10,-0.0,0.5030004198339117
1.0,0.03,0.0,1.380812241142e11,-0.0,0.5036453944875844
1.0,0.03,0.1,1.306850649072e11,-0.0,0.5036369624697054
1.0,0.03,0.25,1.052396640098e11,-0.0,0.5035231504017073
1.0,0.03,0.5,6.0101008126600006e10,-0.0,0.5037731453463716
1.0,0.04,0.0,1.3806838945330002e11,-0.0,0.5045771703049363
1.0,0.04,0.1,1.296195522789e11,-0.0,0.5041277491204208
1.0,0.04,0.25,1.0615912115319998e11,-0.0,0.5042284537745897
1.0,0.04,0.5,7.21093989405e10,-0.0,0.5040332518694061
1.0,0.05,0.0,1.3778984759869998e11,3.255237e6,0.4894607916662245
1.0,0.05,0.1,1.3020675432619998e11,2.105139e6,0.495140330220123
1.0,0.05,0.25,1.074859489669e11,2.072611e6,0.49506501140681003
1.0,0.05,0.5,7.20770947284e10,386916.0,0.5029497801426603
1.0,0.06,0.0,1.37178115472e11,1.0634544e7,0.4495412141011148
1.0,0.06,0.1,1.3225437489350003e11,6.677316e6,0.4668957256173656
1.0,0.06,0.25,1.0663362915440001e11,6.424062e6,0.47361969691817263
1.0,0.06,0.5,6.16488323116e10,8.238872e6,0.459778756686343
1.0,0.07,0.0,1.370033863779e11,1.2590577e7,0.43891630891510924
1.0,0.07,0.1,1.282970212322e11,1.5691844e7,0.43098092686200323
1.0,0.07,0.25,1.070832853086e11,1.0919068e7,0.4404451561846796
1.0,0.07,0.5,6.26599213371e10,1.6872647e7,0.42829314767193977
1.0,0.08,0.0,1.364684197769e11,1.8933297e7,0.41225653606332713
1.0,0.08,0.1,1.280537866208e11,2.5593223e7,0.39017020726344676
1.0,0.08,0.25,1.0613166421040001e11,2.6906107e7,0.3901702032256922
1.0,0.08,0.5,7.198701288390001e10,7.281856e6,0.45024611481800614
1.0,0.09,0.0,1.3532544544690001e11,3.1243998e7,0.39017020272523495
1.0,0.09,0.1,1.2910357332479999e11,2.9610728e7,0.39017020502900945
1.0,0.09,0.25,1.054650677406e11,2.7555142e7,0.390170201203346
1.0,0.09,0.5,6.33957608541e10,3.2348834e7,0.390170204204232
1.0,0.1,0.0,1.3510029295079999e11,3.2110906e7,0.3901702072639692
1.0,0.1,0.1,1.2994136646859999e11,3.5366383e7,0.39017020180815587
1.0,0.1,0.25,1.0462265222009999e11,3.5678386e7,0.3901702031600542
1.0,0.1,0.5,6.263804071689999e10,3.1963768e7,0.3901702056651181
1.0,0.11,0.0,1.354279855795e11,2.938737e7,0.3901702072014963
1.0,0.11,0.1,1.2792930003819998e11,2.4130883e7,0.3901702035881379
1.0,0.11,0.25,1.0531858058570001e11,2.3593708e7,0.39017020385826534
1.0,0.11,0.5,6.450301855040001e10,2.9243262e7,0.3901702033776221
1.0,0.12,0.0,1.3560157280390002e11,2.1612472e7,0.39017020564370997
1.0,0.12,0.1,1.2728238869279999e11,2.4873358e7,0.3901702050593317
1.0,0.12,0.25,1.117881551674e11,2.2544663e7,0.39017020532745833
1.0,0.12,0.5,6.3283102301299995e10,2.3523307e7,0.3901702048076716
1.0,0.13,0.0,1.3594818530340002e11,1.7111996e7,0.39017020478042497
1.0,0.13,0.1,1.29591731775e11,1.7828577e7,0.39017020250541357
1.0,0.13,0.25,1.027283165354e11,1.3438144e7,0.3901702066867345
1.0,0.13,0.5,6.891947470279999e10,1.6412178e7,0.3901702063525579
1.0,0.14,0.0,1.363884151924e11,1.1603213e7,0.39017020258153057
1.0,0.14,0.1,1.2712938840980002e11,1.256253e7,0.3901702055469026
1.0,0.14,0.25,1.0536678476529999e11,1.6844629e7,0.3901702057164005
1.0,0.14,0.5,6.832015609000001e10,1.4832973e7,0.3901702033929697
1.0,0.15,0.0,1.3513693400379999e11,1.1226163e7,0.39017020275175507
1.0,0.15,0.1,1.2952218369250002e11,7.508245e6,0.39017020500464084
1.0,0.15,0.25,1.017775103498e11,7.286373e6,0.39017020572709227
1.0,0.15,0.5,6.960079418019998e10,1.3069333e7,0.390170203413565
1.0,0.16,0.0,1.33640841293e11,9.531701e6,0.3901702050892031
1.0,0.16,0.1,1.2653216275059999e11,1.0233984e7,0.3901702039301202
1.0,0.16,0.25,1.002498616455e11,8.575136e6,0.3901702023533261
1.0,0.16,0.5,6.142601100480001e10,5.617318e6,0.3901702041655659
1.0,0.17,0.0,1.333418118646e11,2.966565e6,0.3901702026842205
1.0,0.17,0.1,1.261970865487e11,4.101035e6,0.3901702014374715
1.0,0.17,0.25,1.007482294481e11,3.116593e6,0.3901702027407067
1.0,0.17,0.5,5.825712440189999e10,5.275229e6,0.390170203916257
1.0,0.18,0.0,1.3241832658030002e11,2.099712e6,0.3901702032848634
1.0,0.18,0.1,1.2704000999440001e11,2.700119e6,0.39017020539882746
1.0,0.18,0.25,1.0274974779870001e11,1.978619e6,0.3901702048554907
1.0,0.18,0.5,5.64977019512e10,849251.0,0.39017020582993256
1.0,0.19,0.0,1.3093727835400002e11,-0.0,0.39017020365098526
1.0,0.19,0.1,1.2469093055929997e11,1.041275e6,0.39017020647354184
1.0,0.19,0.25,1.012609084811e11,-0.0,0.39017020325413454
1.0,0.19,0.5,5.506196464450001e10,4.180843e6,0.3901702043558263
1.0,0.2,0.0,1.272724108486e11,-0.0,0.39017020320711915
1.0,0.2,0.1,1.192305047606e11,-0.0,0.39017020297860294
1.0,0.2,0.25,1.032914548421e11,9.547486e6,0.39017020561984794
1.0,0.2,0.5,5.8281461852e10,3.353042e6,0.3901702011546304
